INSERT INTO equipamento (cd_equipamento, nm_equipamento)  values (1, 'Projetor') 
INSERT INTO equipamento (cd_equipamento, nm_equipamento)  values (2, 'Notebook') 
INSERT INTO equipamento (cd_equipamento, nm_equipamento)  values (3, 'Caixa de Som') 
INSERT INTO equipamento (cd_equipamento, nm_equipamento)  values (4, 'Computador') 
INSERT INTO tp_sala (cd_tp_sala, nm_tp_sala, tamanho)  values (1, 'Sala 1', 1) 
INSERT INTO tp_sala (cd_tp_sala, nm_tp_sala, tamanho)  values (2, 'Sala 2', 2) 
INSERT INTO tp_sala (cd_tp_sala, nm_tp_sala, tamanho)  values (3, 'Sala 3', 3) 
INSERT INTO tp_sala (cd_tp_sala, nm_tp_sala, tamanho)  values (4, 'Sala 4', 4) 
INSERT INTO sala (cd_sala, cd_tp_sala, nm_sala, observacao)  values (1, 1, 'Sala 1', 'tem vista para rua') 
INSERT INTO sala (cd_sala, cd_tp_sala, nm_sala, observacao)  values (2, 2, 'Sala 2', 'possui lixeira') 
INSERT INTO sala (cd_sala, cd_tp_sala, nm_sala, observacao)  values (3, 3, 'Sala 3', 'voltada para lateral do espaço') 
INSERT INTO sala (cd_sala, cd_tp_sala, nm_sala, observacao)  values (4, 4, 'Sala 4', 'nos fundos') 
INSERT INTO sala_equipamento (cd_sala, cd_equipamento, dt_recebido)  values (1, 1, '2017-01-03T01:00:00') 
INSERT INTO sala_equipamento (cd_sala, cd_equipamento, dt_recebido)  values (1, 2, '2017-02-03T02:00:00') 
INSERT INTO sala_equipamento (cd_sala, cd_equipamento, dt_recebido)  values (1, 3, '2017-03-03T03:00:00') 
INSERT INTO sala_equipamento (cd_sala, cd_equipamento, dt_recebido)  values (1, 4, '2017-04-03T04:00:00') 
INSERT INTO sala_equipamento (cd_sala, cd_equipamento, dt_recebido)  values (2, 1, '2017-05-03T05:00:00') 
INSERT INTO localidade (nr_localidade, nm_localidade, sg_uf)  values (1, 'Localidade 1', 'SC') 
INSERT INTO localidade (nr_localidade, nm_localidade, sg_uf)  values (2, 'Localidade 2', 'PR') 
INSERT INTO localidade (nr_localidade, nm_localidade, sg_uf)  values (3, 'Localidade 3', 'PN') 
INSERT INTO localidade (nr_localidade, nm_localidade, sg_uf)  values (4, 'Localidade 4', 'DF') 
INSERT INTO cliente (cd_cliente, nr_localidade, nm_cliente, ds_logradouro, ds_complemento, ds_bairro, nr_telefone_res, nr_telefone_com, nr_telefone_cel, ds_email)  values (1, 1, 'Chefe 1', 'Log. Chefe 1', null, null, null, null, null, null) 
INSERT INTO cliente (cd_cliente, cd_responsavel, nr_localidade, nm_cliente, ds_logradouro, ds_complemento, ds_bairro, nr_telefone_res, nr_telefone_com, nr_telefone_cel, ds_email)  values (2, 1, 2, 'Empregado 1.1', 'Log. Emp. 1.1', null, null, null, null, null, null) 
INSERT INTO cliente (cd_cliente, nr_localidade, nm_cliente, ds_logradouro, ds_complemento, ds_bairro, nr_telefone_res, nr_telefone_com, nr_telefone_cel, ds_email)  values (3, 3, 'Autonomo 1', 'Log. Auton. 1', null, null, null, null, null, null) 
INSERT INTO cliente (cd_cliente, nr_localidade, nm_cliente, ds_logradouro, ds_complemento, ds_bairro, nr_telefone_res, nr_telefone_com, nr_telefone_cel, ds_email)  values (4, 4, 'Autonomo 2', 'Log. Auton. 2', null, null, null, null, null, null) 
INSERT INTO cliente (cd_cliente, nr_localidade, nm_cliente, ds_logradouro, ds_complemento, ds_bairro, nr_telefone_res, nr_telefone_com, nr_telefone_cel, ds_email)  values (5, 1, 'Autonomo 3', 'Log. Auton. 3', null, null, null, null, null, null) 
INSERT INTO cliente (cd_cliente, nr_localidade, nm_cliente, ds_logradouro, ds_complemento, ds_bairro, nr_telefone_res, nr_telefone_com, nr_telefone_cel, ds_email)  values (6, 2, 'Autonomo 4', 'Log. Auton. 4', null, null, null, null, null, null) 
INSERT INTO cliente (cd_cliente, nr_localidade, nm_cliente, ds_logradouro, ds_complemento, ds_bairro, nr_telefone_res, nr_telefone_com, nr_telefone_cel, ds_email)  values (7, 3, 'Autonomo 5', 'Log. Auton. 5', null, null, null, null, null, null) 
INSERT INTO cliente (cd_cliente, nr_localidade, nm_cliente, ds_logradouro, ds_complemento, ds_bairro, nr_telefone_res, nr_telefone_com, nr_telefone_cel, ds_email)  values (8, 4, 'Chefe 2', 'Log. Chefe 2', null, null, null, null, null, null) 
INSERT INTO cliente (cd_cliente, cd_responsavel, nr_localidade, nm_cliente, ds_logradouro, ds_complemento, ds_bairro, nr_telefone_res, nr_telefone_com, nr_telefone_cel, ds_email)  values (9, 8, 3, 'Empregado 2.1', 'Log. Emp. 2.1', null, null, null, null, null, null) 
INSERT INTO cliente (cd_cliente, cd_responsavel, nr_localidade, nm_cliente, ds_logradouro, ds_complemento, ds_bairro, nr_telefone_res, nr_telefone_com, nr_telefone_cel, ds_email)  values (10, 8, 4, 'Empregado 2.2', 'Log. Emp. 2.2',null ,null ,null ,null ,null ,null ) 
INSERT INTO reserva (cd_reserva, cd_cliente, cd_sala, dt_entrada, dt_saida, vl_reserva, fl_pago)  values (1, 1, 1, '2017-01-01T01:00:00', '2017-01-01T23:00:00', 10, 1) 
INSERT INTO reserva (cd_reserva, cd_cliente, cd_sala, dt_entrada, dt_saida, vl_reserva, fl_pago)  values (2, 2, 2, '2017-01-02T01:00:00', '2017-01-02T23:00:00', 10, 1) 
INSERT INTO reserva (cd_reserva, cd_cliente, cd_sala, dt_entrada, dt_saida, vl_reserva, fl_pago)  values (3, 3, 3, '2017-01-03T01:00:00', '2017-01-03T23:00:00', 10, 0) 
INSERT INTO reserva (cd_reserva, cd_cliente, cd_sala, dt_entrada, dt_saida, vl_reserva, fl_pago)  values (4, 1, 1, '2016-01-01T13:00:00', '2016-01-01T17:00:00', 6, 0) 
INSERT INTO reserva (cd_reserva, cd_cliente, cd_sala, dt_entrada, dt_saida, vl_reserva, fl_pago)  values (5, 2, 2, '2016-01-02T14:00:00', '2016-01-02T20:00:00', 7, 0) 
INSERT INTO reserva (cd_reserva, cd_cliente, cd_sala, dt_entrada, dt_saida, vl_reserva, fl_pago)  values (6, 3, 3, '2016-01-03T15:00:00', '2016-01-03T18:00:00', 8, 0) 
INSERT INTO multa (cd_multa, cd_reserva, vl_multa, dt_pagto)  values (1, 1, 5, '2017-02-01T12:00:00') 
INSERT INTO multa (cd_multa, cd_reserva, vl_multa, dt_pagto)  values (2, 2, 15, '2017-03-01T13:00:00') 